Country,Year,Crop Name,Crop Production (UOM:t(Tonnes)),Yield Of Crops (UOM:Kg/Ha(KilogramperHectare)),Area Under Cultivation (UOM:Ha(Hectares))
India,1950,CoarseCereals,154.0,408.0,377.0
India,1950,Coffee,0.0,0.0,0.0
India,1950,CottonLint,30.0,88.0,58.8
India,1950,Groundnut,35.0,775.0,44.9
India,1950,Pulses,84.0,441.0,191.0
India,1950,RapeseedMustard,8.0,368.0,20.7
India,1950,RawJuteMesta,33.0,1043.0,5.7
India,1950,Rice,206.0,668.0,308.0
India,1950,Soyabean,0.0,0.0,0.0
India,1950,Sugarcane,571.0,33422.0,17.1
India,1950,Tea,0.0,0.0,0.0
India,1950,Tobacco,3.0,731.0,3.6
India,1950,Wheat,65.0,663.0,98.0
India,1951,CoarseCereals,161.0,414.0,389.0
India,1951,Coffee,0.0,0.0,0.0
India,1951,CottonLint,33.0,85.0,65.6
India,1951,Groundnut,32.0,649.0,49.2
India,1951,Pulses,84.0,448.0,188.0
India,1951,RapeseedMustard,9.0,393.0,24.0
India,1951,RawJuteMesta,47.0,1074.0,7.9
India,1951,Rice,213.0,714.0,298.0
India,1951,Soyabean,0.0,0.0,0.0
India,1951,Sugarcane,616.0,31786.0,19.4
India,1951,Tea,0.0,0.0,0.0
India,1951,Tobacco,2.0,723.0,2.9
India,1951,Wheat,62.0,653.0,95.0
India,1952,CoarseCereals,196.0,462.0,425.0
India,1952,Coffee,0.0,0.0,0.0
India,1952,CottonLint,33.0,89.0,63.6
India,1952,Groundnut,29.0,611.0,48.0
India,1952,Pulses,92.0,463.0,198.0
India,1952,RapeseedMustard,9.0,408.0,21.1
India,1952,RawJuteMesta,53.0,1028.0,9.3
India,1952,Rice,229.0,764.0,300.0
India,1952,Soyabean,0.0,0.0,0.0
India,1952,Sugarcane,510.0,29495.0,17.3
India,1952,Tea,0.0,0.0,0.0
India,1952,Tobacco,3.0,675.0,3.6
India,1952,Wheat,75.0,763.0,98.0
India,1953,CoarseCereals,230.0,506.0,454.0
India,1953,Coffee,0.0,0.0,0.0
India,1953,CottonLint,41.0,100.0,69.9
India,1953,Groundnut,35.0,811.0,42.5
India,1953,Pulses,106.0,489.0,217.0
India,1953,RapeseedMustard,9.0,389.0,22.4
India,1953,RawJuteMesta,38.0,992.0,6.8
India,1953,Rice,282.0,902.0,313.0
India,1953,Soyabean,0.0,0.0,0.0
India,1953,Sugarcane,444.0,31497.0,14.1
India,1953,Tea,0.0,0.0,0.0
India,1953,Tobacco,3.0,737.0,3.7
India,1953,Wheat,80.0,750.0,107.0
India,1954,CoarseCereals,228.0,520.0,439.0
India,1954,Coffee,0.0,0.0,0.0
India,1954,CottonLint,45.0,100.0,75.5
India,1954,Groundnut,43.0,766.0,55.4
India,1954,Pulses,110.0,500.0,219.0
India,1954,RapeseedMustard,10.0,425.0,24.4
India,1954,RawJuteMesta,39.0,1021.0,6.8
India,1954,Rice,252.0,820.0,308.0
India,1954,Soyabean,0.0,0.0,0.0
India,1954,Sugarcane,587.0,36303.0,16.2
India,1954,Tea,0.0,0.0,0.0
India,1954,Tobacco,3.0,737.0,3.5
India,1954,Wheat,90.0,803.0,113.0
India,1955,CoarseCereals,195.0,449.0,435.0
India,1955,Coffee,0.0,0.0,0.0
India,1955,CottonLint,42.0,88.0,80.9
India,1955,Groundnut,39.0,752.0,51.3
India,1955,Pulses,110.0,476.0,232.0
India,1955,RapeseedMustard,9.0,336.0,25.6
India,1955,RawJuteMesta,54.0,1038.0,9.4
India,1955,Rice,276.0,874.0,315.0
India,1955,Soyabean,0.0,0.0,0.0
India,1955,Sugarcane,605.0,32779.0,18.5
India,1955,Tea,0.0,0.0,0.0
India,1955,Tobacco,3.0,739.0,4.1
India,1955,Wheat,88.0,708.0,124.0
India,1956,CoarseCereals,199.0,473.0,420.0
India,1956,Coffee,0.0,0.0,0.0
India,1956,CottonLint,49.0,104.0,80.2
India,1956,Groundnut,44.0,783.0,55.3
India,1956,Pulses,116.0,495.0,233.0
India,1956,RapeseedMustard,10.0,411.0,25.4
India,1956,RawJuteMesta,58.0,977.0,10.7
India,1956,Rice,290.0,900.0,323.0
India,1956,Soyabean,0.0,0.0,0.0
India,1956,Sugarcane,691.0,33683.0,20.5
India,1956,Tea,0.0,0.0,0.0
India,1956,Tobacco,3.0,728.0,4.2
India,1956,Wheat,94.0,695.0,135.0
India,1957,CoarseCereals,212.0,495.0,429.0
India,1957,Coffee,0.0,0.0,0.0
India,1957,CottonLint,50.0,105.0,80.1
India,1957,Groundnut,47.0,734.0,64.2
India,1957,Pulses,96.0,424.0,225.0
India,1957,RapeseedMustard,9.0,387.0,24.1
India,1957,RawJuteMesta,53.0,944.0,10.2
India,1957,Rice,255.0,790.0,323.0
India,1957,Soyabean,0.0,0.0,0.0
India,1957,Sugarcane,712.0,34325.0,20.7
India,1957,Tea,0.0,0.0,0.0
India,1957,Tobacco,2.0,669.0,3.6
India,1957,Wheat,80.0,682.0,117.0
India,1958,CoarseCereals,232.0,519.0,447.0
India,1958,Coffee,0.0,0.0,0.0
India,1958,CottonLint,49.0,104.0,79.6
India,1958,Groundnut,52.0,828.0,62.5
India,1958,Pulses,132.0,541.0,243.0
India,1958,RapeseedMustard,10.0,426.0,24.5
India,1958,RawJuteMesta,69.0,1130.0,11.0
India,1958,Rice,309.0,930.0,332.0
India,1958,Soyabean,0.0,0.0,0.0
India,1958,Sugarcane,734.0,37658.0,19.5
India,1958,Tea,0.0,0.0,0.0
India,1958,Tobacco,3.0,836.0,3.8
India,1958,Wheat,100.0,789.0,126.0
India,1959,CoarseCereals,229.0,522.0,438.0
India,1959,Coffee,0.0,0.0,0.0
India,1959,CottonLint,37.0,86.0,73.0
India,1959,Groundnut,46.0,708.0,64.4
India,1959,Pulses,118.0,475.0,248.0
India,1959,RapeseedMustard,11.0,365.0,29.1
India,1959,RawJuteMesta,57.0,1049.0,9.8
India,1959,Rice,317.0,937.0,338.0
India,1959,Soyabean,0.0,0.0,0.0
India,1959,Sugarcane,778.0,36414.0,21.4
India,1959,Tea,0.0,0.0,0.0
India,1959,Tobacco,3.0,716.0,4.1
India,1959,Wheat,103.0,772.0,134.0
India,1960,CoarseCereals,237.0,528.0,450.0
India,1960,Coffee,0.0,0.0,0.0
India,1960,CottonLint,56.0,125.0,76.1
India,1960,Groundnut,48.0,745.0,64.6
India,1960,Pulses,127.0,539.0,236.0
India,1960,RapeseedMustard,14.0,467.0,28.8
India,1960,RawJuteMesta,53.0,1049.0,9.0
India,1960,Rice,346.0,1013.0,341.0
India,1960,Soyabean,0.0,0.0,0.0
India,1960,Sugarcane,1100.0,45549.0,24.2
India,1960,Tea,0.0,0.0,0.0
India,1960,Tobacco,3.0,766.0,4.0
India,1960,Wheat,110.0,851.0,129.0
India,1961,CoarseCereals,232.0,519.0,447.0
India,1961,Coffee,0.0,0.0,0.0
India,1961,CottonLint,49.0,103.0,79.8
India,1961,Groundnut,50.0,725.0,68.9
India,1961,Pulses,118.0,485.0,242.0
India,1961,RapeseedMustard,14.0,425.0,31.7
India,1961,RawJuteMesta,82.0,1104.0,13.4
India,1961,Rice,357.0,1028.0,347.0
India,1961,Soyabean,0.0,0.0,0.0
India,1961,Sugarcane,1040.0,42349.0,24.6
India,1961,Tea,0.0,0.0,0.0
India,1961,Tobacco,3.0,811.0,4.2
India,1961,Wheat,121.0,890.0,136.0
India,1962,CoarseCereals,246.0,556.0,443.0
India,1962,Coffee,0.0,0.0,0.0
India,1962,CottonLint,55.0,122.0,77.3
India,1962,Groundnut,51.0,695.0,72.8
India,1962,Pulses,115.0,475.0,243.0
India,1962,RapeseedMustard,13.0,417.0,31.3
India,1962,RawJuteMesta,72.0,1041.0,12.4
India,1962,Rice,332.0,931.0,357.0
India,1962,Soyabean,0.0,0.0,0.0
India,1962,Sugarcane,919.0,40996.0,22.4
India,1962,Tea,0.0,0.0,0.0
India,1962,Tobacco,3.0,842.0,4.1
India,1962,Wheat,108.0,793.0,136.0
India,1963,CoarseCereals,237.0,540.0,439.0
India,1963,Coffee,0.0,0.0,0.0
India,1963,CottonLint,58.0,119.0,82.2
India,1963,Groundnut,53.0,769.0,68.9
India,1963,Pulses,101.0,416.0,242.0
India,1963,RapeseedMustard,9.0,300.0,30.5
India,1963,RawJuteMesta,80.0,1130.0,12.7
India,1963,Rice,370.0,1033.0,358.0
India,1963,Soyabean,0.0,0.0,0.0
India,1963,Sugarcane,1042.0,46353.0,22.5
India,1963,Tea,0.0,0.0,0.0
India,1963,Tobacco,4.0,817.0,4.4
India,1963,Wheat,99.0,730.0,135.0
India,1964,CoarseCereals,254.0,514.0,444.0
India,1964,Coffee,0.0,0.0,0.0
India,1964,CottonLint,60.0,122.0,83.7
India,1964,Groundnut,60.0,814.0,73.8
India,1964,Pulses,124.0,520.0,239.0
India,1964,RapeseedMustard,15.0,507.0,29.1
India,1964,RawJuteMesta,77.0,1136.0,12.1
India,1964,Rice,393.0,1078.0,365.0
India,1964,Soyabean,0.0,0.0,0.0
India,1964,Sugarcane,1219.0,46838.0,26.0
India,1964,Tea,0.0,0.0,0.0
India,1964,Tobacco,4.0,876.0,4.1
India,1964,Wheat,123.0,913.0,134.0
India,1965,CoarseCereals,214.0,483.0,443.0
India,1965,Coffee,0.0,0.0,0.0
India,1965,CottonLint,49.0,104.0,79.6
India,1965,Groundnut,43.0,554.0,77.0
India,1965,Pulses,99.0,438.0,227.0
India,1965,RapeseedMustard,13.0,446.0,29.1
India,1965,RawJuteMesta,58.0,936.0,11.1
India,1965,Rice,306.0,862.0,355.0
India,1965,Soyabean,0.0,0.0,0.0
India,1965,Sugarcane,1240.0,43717.0,28.4
India,1965,Tea,0.0,0.0,0.0
India,1965,Tobacco,3.0,778.0,3.8
India,1965,Wheat,104.0,827.0,126.0
India,1966,CoarseCereals,241.0,533.0,451.0
India,1966,Coffee,0.0,0.0,0.0
India,1966,CottonLint,53.0,114.0,78.4
India,1966,Groundnut,44.0,604.0,73.0
India,1966,Pulses,84.0,377.0,221.0
India,1966,RapeseedMustard,12.0,408.0,30.1
India,1966,RawJuteMesta,66.0,1058.0,11.2
India,1966,Rice,304.0,863.0,353.0
India,1966,Soyabean,0.0,0.0,0.0
India,1966,Sugarcane,928.0,40336.0,23.0
India,1966,Tea,0.0,0.0,0.0
India,1966,Tobacco,4.0,834.0,4.2
India,1966,Wheat,114.0,887.0,128.0
India,1967,CoarseCereals,288.0,608.0,473.0
India,1967,Coffee,0.0,0.0,0.0
India,1967,CottonLint,58.0,123.0,80.0
India,1967,Groundnut,57.0,759.0,75.5
India,1967,Pulses,121.0,534.0,227.0
India,1967,RapeseedMustard,16.0,483.0,32.4
India,1967,RawJuteMesta,76.0,1137.0,12.0
India,1967,Rice,376.0,1032.0,364.0
India,1967,Soyabean,0.0,0.0,0.0
India,1967,Sugarcane,955.0,40665.0,20.5
India,1967,Tea,0.0,0.0,0.0
India,1967,Tobacco,4.0,871.0,4.2
India,1967,Wheat,165.0,1103.0,150.0
India,1968,CoarseCereals,252.0,545.0,462.0
India,1968,Coffee,0.0,0.0,0.0
India,1968,CottonLint,55.0,122.0,76.0
India,1968,Groundnut,46.0,653.0,70.9
India,1968,Pulses,104.0,490.0,213.0
India,1968,RapeseedMustard,14.0,469.0,28.7
India,1968,RawJuteMesta,38.0,855.0,8.1
India,1968,Rice,398.0,1076.0,370.0
India,1968,Soyabean,0.0,0.0,0.0
India,1968,Sugarcane,1247.0,49236.0,25.3
India,1968,Tea,0.0,0.0,0.0
India,1968,Tobacco,4.0,821.0,4.4
India,1968,Wheat,187.0,1169.0,160.0
India,1969,CoarseCereals,273.0,578.0,472.0
India,1969,Coffee,0.0,0.0,0.0
India,1969,CottonLint,56.0,122.0,77.3
India,1969,Groundnut,51.0,720.0,71.3
India,1969,Pulses,117.0,531.0,220.0
India,1969,RapeseedMustard,16.0,493.0,31.7
India,1969,RawJuteMesta,68.0,1120.0,10.9
India,1969,Rice,404.0,1073.0,377.0
India,1969,Soyabean,0.0,0.0,0.0
India,1969,Sugarcane,1350.0,49121.0,27.5
India,1969,Tea,0.0,0.0,0.0
India,1969,Tobacco,3.0,770.0,4.4
India,1969,Wheat,201.0,1208.0,166.0
India,1970,CoarseCereals,306.0,665.0,460.0
India,1970,Coffee,1102.0,814.0,1.4
India,1970,CottonLint,48.0,106.0,76.1
India,1970,Groundnut,61.0,834.0,73.3
India,1970,Pulses,118.0,524.0,225.0
India,1970,RapeseedMustard,20.0,594.0,33.2
India,1970,RawJuteMesta,62.0,1032.0,10.8
India,1970,Rice,422.0,1123.0,376.0
India,1970,Soyabean,0.0,426.0,0.3
India,1970,Sugarcane,1264.0,48322.0,26.2
India,1970,Tea,4190.0,1182.0,3.5
India,1970,Tobacco,4.0,810.0,4.5
India,1970,Wheat,238.0,1307.0,182.0
India,1971,CoarseCereals,246.0,564.0,436.0
India,1971,Coffee,690.0,498.0,1.4
India,1971,CottonLint,70.0,151.0,78.0
India,1971,Groundnut,62.0,823.0,75.1
India,1971,Pulses,111.0,501.0,222.0
India,1971,RapeseedMustard,14.0,396.0,36.1
India,1971,RawJuteMesta,68.0,1107.0,11.1
India,1971,Rice,431.0,1141.0,378.0
India,1971,Soyabean,0.0,426.0,0.3
India,1971,Sugarcane,1136.0,47511.0,23.9
India,1971,Tea,4350.0,1221.0,3.6
India,1971,Tobacco,4.0,914.0,4.6
India,1971,Wheat,264.0,1380.0,191.0
India,1972,CoarseCereals,231.0,548.0,422.0
India,1972,Coffee,911.0,620.0,1.5
India,1972,CottonLint,57.0,127.0,76.8
India,1972,Groundnut,41.0,585.0,69.9
India,1972,Pulses,99.0,474.0,209.0
India,1972,RapeseedMustard,18.0,545.0,33.2
India,1972,RawJuteMesta,61.0,1104.0,9.9
India,1972,Rice,392.0,1070.0,367.0
India,1972,Soyabean,0.0,819.0,0.3
India,1972,Sugarcane,1249.0,50933.0,24.5
India,1972,Tea,4560.0,1271.0,3.6
India,1972,Tobacco,4.0,837.0,4.5
India,1972,Wheat,247.0,1271.0,195.0
India,1973,CoarseCereals,288.0,623.0,462.0
India,1973,Coffee,864.0,555.0,1.6
India,1973,CottonLint,63.0,142.0,75.7
India,1973,Groundnut,59.0,845.0,70.2
India,1973,Pulses,100.0,427.0,234.0
India,1973,RapeseedMustard,17.0,493.0,34.6
India,1973,RawJuteMesta,77.0,1188.0,11.6
India,1973,Rice,441.0,1151.0,383.0
India,1973,Soyabean,0.0,829.0,0.5
India,1973,Sugarcane,1408.0,51163.0,27.5
India,1973,Tea,4720.0,1311.0,3.6
India,1973,Tobacco,5.0,1001.0,4.6
India,1973,Wheat,218.0,1172.0,186.0
India,1974,CoarseCereals,261.0,606.0,432.0
India,1974,Coffee,925.0,592.0,1.6
India,1974,CottonLint,72.0,161.0,75.6
India,1974,Groundnut,51.0,724.0,70.6
India,1974,Pulses,100.0,455.0,220.0
India,1974,RapeseedMustard,23.0,612.0,36.8
India,1974,RawJuteMesta,58.0,1068.0,9.8
India,1974,Rice,396.0,1045.0,379.0
India,1974,Soyabean,1.0,768.0,0.7
India,1974,Sugarcane,1443.0,49855.0,28.9
India,1974,Tea,4890.0,1353.0,3.6
India,1974,Tobacco,4.0,954.0,3.8
India,1974,Wheat,241.0,1338.0,180.0
India,1975,CoarseCereals,304.0,694.0,438.0
India,1975,Coffee,840.0,490.0,1.7
India,1975,CottonLint,60.0,138.0,73.5
India,1975,Groundnut,68.0,935.0,72.2
India,1975,Pulses,130.0,533.0,245.0
India,1975,RapeseedMustard,19.0,580.0,33.4
India,1975,RawJuteMesta,59.0,1164.0,9.1
India,1975,Rice,487.0,1235.0,395.0
India,1975,Soyabean,1.0,975.0,0.9
India,1975,Sugarcane,1406.0,50903.0,27.6
India,1975,Tea,4870.0,1341.0,3.6
India,1975,Tobacco,4.0,950.0,3.7
India,1975,Wheat,288.0,1410.0,205.0
India,1976,CoarseCereals,289.0,689.0,419.0
India,1976,Coffee,1023.0,712.0,1.4
India,1976,CottonLint,58.0,144.0,68.9
India,1976,Groundnut,53.0,747.0,70.4
India,1976,Pulses,114.0,494.0,230.0
India,1976,RapeseedMustard,16.0,496.0,31.3
India,1976,RawJuteMesta,71.0,1173.0,10.9
India,1976,Rice,419.0,1089.0,385.0
India,1976,Soyabean,1.0,988.0,1.3
India,1976,Sugarcane,1530.0,53383.0,28.7
India,1976,Tea,5120.0,1407.0,3.6
India,1976,Tobacco,4.0,969.0,4.3
India,1976,Wheat,290.0,1387.0,209.0
India,1977,CoarseCereals,300.0,710.0,423.0
India,1977,Coffee,1251.0,840.0,1.5
India,1977,CottonLint,72.0,157.0,78.7
India,1977,Groundnut,61.0,866.0,70.3
India,1977,Pulses,120.0,510.0,235.0
India,1977,RapeseedMustard,17.0,460.0,35.8
India,1977,RawJuteMesta,72.0,1108.0,11.6
India,1977,Rice,527.0,1308.0,403.0
India,1977,Soyabean,2.0,940.0,2.0
India,1977,Sugarcane,1770.0,56160.0,31.5
India,1977,Tea,5560.0,1519.0,3.7
India,1977,Tobacco,5.0,979.0,5.0
India,1977,Wheat,318.0,1480.0,215.0
India,1978,CoarseCereals,304.0,721.0,422.0
India,1978,Coffee,1105.0,706.0,1.6
India,1978,CottonLint,80.0,167.0,81.2
India,1978,Groundnut,62.0,835.0,74.3
India,1978,Pulses,122.0,515.0,237.0
India,1978,RapeseedMustard,19.0,525.0,35.4
India,1978,RawJuteMesta,83.0,1186.0,12.7
India,1978,Rice,538.0,1328.0,405.0
India,1978,Soyabean,3.0,975.0,3.1
India,1978,Sugarcane,1517.0,49114.0,30.9
India,1978,Tea,5640.0,1528.0,3.7
India,1978,Tobacco,5.0,1109.0,4.1
India,1978,Wheat,355.0,1568.0,226.0
India,1979,CoarseCereals,270.0,652.0,414.0
India,1979,Coffee,1498.0,889.0,1.7
India,1979,CottonLint,77.0,160.0,81.3
India,1979,Groundnut,58.0,805.0,71.7
India,1979,Pulses,86.0,385.0,223.0
India,1979,RapeseedMustard,14.0,411.0,34.7
India,1979,RawJuteMesta,80.0,1177.0,12.2
India,1979,Rice,423.0,1074.0,394.0
India,1979,Soyabean,3.0,568.0,5.0
India,1979,Sugarcane,1288.0,49358.0,26.1
India,1979,Tea,5440.0,1455.0,3.7
India,1979,Tobacco,4.0,1031.0,4.3
India,1979,Wheat,318.0,1436.0,222.0
India,1980,CoarseCereals,290.0,695.0,418.0
India,1980,Coffee,1187.0,624.0,1.9
India,1980,CottonLint,70.0,152.0,78.2
India,1980,Groundnut,50.0,736.0,68.0
India,1980,Pulses,106.0,473.0,225.0
India,1980,RapeseedMustard,23.0,560.0,41.1
India,1980,RawJuteMesta,82.0,1130.0,13.0
India,1980,Rice,536.0,1336.0,402.0
India,1980,Soyabean,4.0,728.0,6.1
India,1980,Sugarcane,1543.0,57844.0,26.7
India,1980,Tea,5696.0,1491.0,3.8
India,1980,Tobacco,5.0,1065.0,4.5
India,1980,Wheat,363.0,1630.0,223.0
India,1981,CoarseCereals,311.0,733.0,425.0
India,1981,Coffee,1521.0,785.0,1.9
India,1981,CottonLint,79.0,166.0,80.6
India,1981,Groundnut,72.0,972.0,74.3
India,1981,Pulses,115.0,483.0,238.0
India,1981,RapeseedMustard,24.0,541.0,44.0
India,1981,RawJuteMesta,84.0,1311.0,11.5
India,1981,Rice,533.0,1308.0,407.0
India,1981,Soyabean,4.0,741.0,4.8
India,1981,Sugarcane,1864.0,58359.0,31.9
India,1981,Tea,5604.0,1461.0,3.8
India,1981,Tobacco,5.0,1172.0,4.4
India,1981,Wheat,375.0,1691.0,221.0
India,1982,CoarseCereals,278.0,685.0,404.0
India,1982,Coffee,1300.0,646.0,2.1
India,1982,CottonLint,75.0,163.0,78.7
India,1982,Groundnut,53.0,732.0,72.2
India,1982,Pulses,119.0,519.0,228.0
India,1982,RapeseedMustard,22.0,577.0,38.3
India,1982,RawJuteMesta,72.0,1265.0,10.2
India,1982,Rice,471.0,1231.0,383.0
India,1982,Soyabean,5.0,637.0,7.7
India,1982,Sugarcane,1895.0,56441.0,33.6
India,1982,Tea,5607.0,1422.0,3.9
India,1982,Tobacco,6.0,1157.0,5.0
India,1982,Wheat,428.0,1816.0,236.0
India,1983,CoarseCereals,339.0,813.0,417.0
India,1983,Coffee,1050.0,507.0,2.1
India,1983,CottonLint,64.0,141.0,77.2
India,1983,Groundnut,71.0,940.0,75.4
India,1983,Pulses,129.0,548.0,235.0
India,1983,RapeseedMustard,26.0,673.0,38.7
India,1983,RawJuteMesta,77.0,1320.0,10.5
India,1983,Rice,601.0,1457.0,412.0
India,1983,Soyabean,6.0,735.0,8.4
India,1983,Sugarcane,1741.0,55978.0,31.1
India,1983,Tea,5815.0,1468.0,4.0
India,1983,Tobacco,5.0,1120.0,4.4
India,1983,Wheat,455.0,1843.0,247.0
India,1984,CoarseCereals,312.0,795.0,392.0
India,1984,Coffee,1951.0,936.0,2.1
India,1984,CottonLint,85.0,196.0,73.8
India,1984,Groundnut,64.0,898.0,71.7
India,1984,Pulses,120.0,526.0,227.0
India,1984,RapeseedMustard,31.0,771.0,39.9
India,1984,RawJuteMesta,78.0,1242.0,11.3
India,1984,Rice,583.0,1417.0,412.0
India,1984,Soyabean,10.0,768.0,12.4
India,1984,Sugarcane,1703.0,57673.0,29.5
India,1984,Tea,6399.0,1606.0,4.0
India,1984,Tobacco,5.0,1113.0,4.4
India,1984,Wheat,441.0,1870.0,236.0
India,1985,CoarseCereals,262.0,664.0,395.0
India,1985,Coffee,1225.0,571.0,2.1
India,1985,CottonLint,87.0,197.0,75.3
India,1985,Groundnut,51.0,719.0,71.2
India,1985,Pulses,134.0,547.0,244.0
India,1985,RapeseedMustard,27.0,674.0,39.8
India,1985,RawJuteMesta,127.0,1524.0,15.0
India,1985,Rice,638.0,1552.0,411.0
India,1985,Soyabean,10.0,764.0,13.4
India,1985,Sugarcane,1707.0,59889.0,28.5
India,1985,Tea,6562.0,1641.0,4.0
India,1985,Tobacco,4.0,1111.0,4.0
India,1985,Wheat,471.0,2046.0,230.0
India,1986,CoarseCereals,268.0,675.0,397.0
India,1986,Coffee,1921.0,891.0,2.2
India,1986,CottonLint,69.0,169.0,69.5
India,1986,Groundnut,59.0,841.0,69.8
India,1986,Pulses,117.0,506.0,232.0
India,1986,RapeseedMustard,26.0,700.0,37.2
India,1986,RawJuteMesta,86.0,1454.0,10.7
India,1986,Rice,606.0,1471.0,412.0
India,1986,Soyabean,9.0,584.0,15.3
India,1986,Sugarcane,1861.0,60444.0,30.8
India,1986,Tea,6246.0,1508.0,4.1
India,1986,Tobacco,5.0,1187.0,3.9
India,1986,Wheat,443.0,1916.0,231.0
India,1987,CoarseCereals,264.0,721.0,366.0
India,1987,Coffee,1227.0,563.0,2.2
India,1987,CottonLint,64.0,168.0,64.6
India,1987,Groundnut,59.0,855.0,68.4
India,1987,Pulses,110.0,515.0,213.0
India,1987,RapeseedMustard,35.0,748.0,46.2
India,1987,RawJuteMesta,68.0,1274.0,9.6
India,1987,Rice,569.0,1465.0,388.0
India,1987,Soyabean,9.0,582.0,15.4
India,1987,Sugarcane,1967.0,60006.0,32.8
India,1987,Tea,6743.0,1628.0,4.1
India,1987,Tobacco,4.0,1155.0,3.2
India,1987,Wheat,462.0,2002.0,231.0
India,1988,CoarseCereals,315.0,814.0,387.0
India,1988,Coffee,2147.0,972.0,2.2
India,1988,CottonLint,87.0,202.0,73.4
India,1988,Groundnut,97.0,1132.0,85.3
India,1988,Pulses,139.0,598.0,232.0
India,1988,RapeseedMustard,44.0,906.0,48.3
India,1988,RawJuteMesta,79.0,1540.0,9.2
India,1988,Rice,705.0,1689.0,417.0
India,1988,Soyabean,16.0,892.0,17.3
India,1988,Sugarcane,2030.0,60992.0,33.3
India,1988,Tea,7011.0,1693.0,4.1
India,1988,Tobacco,5.0,1307.0,3.8
India,1988,Wheat,541.0,2244.0,241.0
India,1989,CoarseCereals,348.0,922.0,377.0
India,1989,Coffee,1181.0,534.0,2.2
India,1989,CottonLint,114.0,252.0,76.9
India,1989,Groundnut,81.0,930.0,87.1
India,1989,Pulses,129.0,549.0,234.0
India,1989,RapeseedMustard,41.0,831.0,49.7
India,1989,RawJuteMesta,83.0,1646.0,9.1
India,1989,Rice,736.0,1745.0,422.0
India,1989,Soyabean,18.0,801.0,22.5
India,1989,Sugarcane,2256.0,65612.0,34.4
India,1989,Tea,6841.0,1652.0,4.1
India,1989,Tobacco,6.0,1335.0,4.1
India,1989,Wheat,499.0,2121.0,235.0
India,1990,CoarseCereals,327.0,900.0,363.0
India,1990,Coffee,1697.0,759.0,2.2
India,1990,CottonLint,98.0,225.0,74.4
India,1990,Groundnut,75.0,904.0,83.1
India,1990,Pulses,143.0,578.0,247.0
India,1990,RapeseedMustard,52.0,904.0,57.8
India,1990,RawJuteMesta,92.0,1634.0,10.2
India,1990,Rice,743.0,1740.0,427.0
India,1990,Soyabean,26.0,1015.0,25.6
India,1990,Sugarcane,2411.0,65395.0,36.9
India,1990,Tea,7203.0,1727.0,4.2
India,1990,Tobacco,6.0,1353.0,4.1
India,1990,Wheat,551.0,2281.0,242.0
India,1991,CoarseCereals,260.0,778.0,334.0
India,1991,Coffee,1800.0,805.0,2.2
India,1991,CottonLint,97.0,216.0,76.6
India,1991,Groundnut,71.0,818.0,86.7
India,1991,Pulses,120.0,533.0,225.0
India,1991,RapeseedMustard,59.0,895.0,65.5
India,1991,RawJuteMesta,103.0,1662.0,11.1
India,1991,Rice,747.0,1751.0,427.0
India,1991,Soyabean,25.0,782.0,31.8
India,1991,Sugarcane,2540.0,66069.0,38.4
India,1991,Tea,7542.0,1800.0,4.2
India,1991,Tobacco,6.0,1369.0,4.3
India,1991,Wheat,557.0,2394.0,233.0
India,1992,CoarseCereals,366.0,1063.0,344.0
India,1992,Coffee,1694.0,758.0,2.2
India,1992,CottonLint,114.0,257.0,75.4
India,1992,Groundnut,86.0,1049.0,81.7
India,1992,Pulses,128.0,573.0,224.0
India,1992,RapeseedMustard,48.0,776.0,61.9
India,1992,RawJuteMesta,86.0,1658.0,9.3
India,1992,Rice,729.0,1744.0,418.0
India,1992,Soyabean,34.0,894.0,37.9
India,1992,Sugarcane,2280.0,63843.0,35.7
India,1992,Tea,7039.0,1664.0,4.2
India,1992,Tobacco,6.0,1425.0,4.2
India,1992,Wheat,572.0,2327.0,246.0
India,1993,CoarseCereals,308.0,939.0,328.0
India,1993,Coffee,2121.0,936.0,2.3
India,1993,CottonLint,107.0,249.0,73.2
India,1993,Groundnut,78.0,941.0,83.2
India,1993,Pulses,133.0,598.0,223.0
India,1993,RapeseedMustard,53.0,847.0,62.9
India,1993,RawJuteMesta,84.0,1713.0,8.9
India,1993,Rice,803.0,1888.0,425.0
India,1993,Soyabean,48.0,1086.0,43.7
India,1993,Sugarcane,2297.0,67120.0,34.2
India,1993,Tea,7608.0,1796.0,4.2
India,1993,Tobacco,6.0,1463.0,3.8
India,1993,Wheat,598.0,2380.0,252.0
India,1994,CoarseCereals,299.0,929.0,322.0
India,1994,Coffee,1801.0,788.0,2.3
India,1994,CottonLint,119.0,257.0,78.7
India,1994,Groundnut,81.0,1027.0,78.5
India,1994,Pulses,140.0,610.0,230.0
India,1994,RapeseedMustard,58.0,958.0,60.1
India,1994,RawJuteMesta,91.0,1760.0,9.3
India,1994,Rice,818.0,1911.0,428.0
India,1994,Soyabean,39.0,911.0,43.2
India,1994,Sugarcane,2755.0,71254.0,38.7
India,1994,Tea,7529.0,1767.0,4.3
India,1994,Tobacco,6.0,1486.0,3.8
India,1994,Wheat,658.0,2559.0,257.0
India,1995,CoarseCereals,290.0,940.0,309.0
India,1995,Coffee,2230.0,921.0,2.4
India,1995,CottonLint,129.0,242.0,90.4
India,1995,Groundnut,76.0,1007.0,75.2
India,1995,Pulses,123.0,552.0,223.0
India,1995,RapeseedMustard,60.0,916.0,65.5
India,1995,RawJuteMesta,88.0,1712.0,9.3
India,1995,Rice,770.0,1797.0,428.0
India,1995,Soyabean,51.0,1012.0,50.4
India,1995,Sugarcane,2811.0,67787.0,41.5
India,1995,Tea,7560.0,1770.0,4.3
India,1995,Tobacco,5.0,1356.0,3.9
India,1995,Wheat,621.0,2483.0,250.0
India,1996,CoarseCereals,341.0,1072.0,318.0
India,1996,Coffee,2050.0,816.0,2.5
India,1996,CottonLint,142.0,265.0,91.2
India,1996,Groundnut,86.0,1138.0,76.0
India,1996,Pulses,142.0,635.0,225.0
India,1996,RapeseedMustard,67.0,1017.0,65.5
India,1996,RawJuteMesta,111.0,1818.0,11.0
India,1996,Rice,817.0,1882.0,434.0
India,1996,Soyabean,54.0,987.0,54.5
India,1996,Sugarcane,2776.0,66496.0,41.7
India,1996,Tea,7801.0,1809.0,4.3
India,1996,Tobacco,6.0,1444.0,4.3
India,1996,Wheat,694.0,2679.0,259.0
India,1997,CoarseCereals,304.0,986.0,308.0
India,1997,Coffee,2283.0,799.0,2.9
India,1997,CottonLint,109.0,208.0,88.7
India,1997,Groundnut,74.0,1040.0,70.9
India,1997,Pulses,138.0,567.0,229.0
India,1997,RapeseedMustard,47.0,668.0,70.4
India,1997,RawJuteMesta,110.0,1792.0,11.1
India,1997,Rice,825.0,1900.0,435.0
India,1997,Soyabean,65.0,1079.0,59.9
India,1997,Sugarcane,2795.0,71134.0,39.3
India,1997,Tea,8356.0,1924.0,4.3
India,1997,Tobacco,6.0,1394.0,4.6
India,1997,Wheat,664.0,2485.0,267.0
India,1998,CoarseCereals,313.0,1068.0,293.0
India,1998,Coffee,2650.0,877.0,3.0
India,1998,CottonLint,123.0,224.0,93.4
India,1998,Groundnut,90.0,1214.0,74.0
India,1998,Pulses,149.0,634.0,235.0
India,1998,RapeseedMustard,57.0,869.0,65.1
India,1998,RawJuteMesta,98.0,1722.0,10.3
India,1998,Rice,861.0,1921.0,448.0
India,1998,Soyabean,71.0,1100.0,64.9
India,1998,Sugarcane,2887.0,71203.0,40.5
India,1998,Tea,8552.0,1804.0,4.7
India,1998,Tobacco,7.0,1451.0,5.1
India,1998,Wheat,713.0,2590.0,275.0
India,1999,CoarseCereals,303.0,1034.0,293.0
India,1999,Coffee,2920.0,947.0,3.1
India,1999,CottonLint,115.0,225.0,87.1
India,1999,Groundnut,53.0,766.0,68.7
India,1999,Pulses,134.0,635.0,211.0
India,1999,RapeseedMustard,58.0,960.0,60.3
India,1999,RawJuteMesta,106.0,1836.0,10.4
India,1999,Rice,897.0,1986.0,452.0
India,1999,Soyabean,71.0,1138.0,62.2
India,1999,Sugarcane,2993.0,70935.0,42.2
India,1999,Tea,8369.0,1707.0,4.9
India,1999,Tobacco,5.0,1211.0,4.3
India,1999,Wheat,764.0,2778.0,275.0
India,2000,CoarseCereals,311.0,1027.0,303.0
India,2000,Coffee,3012.0,959.0,3.1
India,2000,CottonLint,95.0,190.0,85.3
India,2000,Groundnut,64.0,977.0,65.6
India,2000,Pulses,111.0,544.0,204.0
India,2000,RapeseedMustard,42.0,935.0,44.8
India,2000,RawJuteMesta,106.0,1867.0,10.2
India,2000,Rice,850.0,1901.0,447.0
India,2000,Soyabean,53.0,822.0,64.2
India,2000,Sugarcane,2960.0,68577.0,43.2
India,2000,Tea,8484.0,1682.0,5.0
India,2000,Tobacco,3.0,1318.0,2.6
India,2000,Wheat,697.0,2708.0,257.0
India,2001,CoarseCereals,334.0,1131.0,295.0
India,2001,Coffee,3006.0,937.0,3.2
India,2001,CottonLint,100.0,186.0,91.3
India,2001,Groundnut,70.0,1127.0,62.4
India,2001,Pulses,134.0,607.0,220.0
India,2001,RapeseedMustard,51.0,1002.0,50.7
India,2001,RawJuteMesta,117.0,2007.0,10.5
India,2001,Rice,933.0,2079.0,449.0
India,2001,Soyabean,60.0,940.0,63.4
India,2001,Sugarcane,2972.0,67370.0,44.1
India,2001,Tea,8514.0,1670.0,5.1
India,2001,Tobacco,6.0,1565.0,3.5
India,2001,Wheat,728.0,2762.0,263.0
India,2002,CoarseCereals,261.0,966.0,270.0
India,2002,Coffee,2753.0,839.0,3.3
India,2002,CottonLint,86.0,191.0,76.7
India,2002,Groundnut,41.0,694.0,59.4
India,2002,Pulses,111.0,543.0,205.0
India,2002,RapeseedMustard,39.0,854.0,45.4
India,2002,RawJuteMesta,113.0,1960.0,10.4
India,2002,Rice,718.0,1744.0,412.0
India,2002,Soyabean,47.0,762.0,61.1
India,2002,Sugarcane,2874.0,63576.0,45.2
India,2002,Tea,8460.0,1640.0,5.2
India,2002,Tobacco,5.0,1506.0,3.3
India,2002,Wheat,658.0,2610.0,252.0
India,2003,CoarseCereals,376.0,1221.0,308.0
India,2003,Coffee,2705.0,831.0,3.3
India,2003,CottonLint,137.0,307.0,76.0
India,2003,Groundnut,81.0,1357.0,59.9
India,2003,Pulses,149.0,635.0,235.0
India,2003,RapeseedMustard,63.0,1159.0,54.3
India,2003,RawJuteMesta,112.0,2008.0,10.0
India,2003,Rice,885.0,2077.0,426.0
India,2003,Soyabean,78.0,1193.0,65.6
India,2003,Sugarcane,2339.0,59380.0,39.3
India,2003,Tea,8787.0,1691.0,5.2
India,2003,Tobacco,6.0,1486.0,3.7
India,2003,Wheat,722.0,2713.0,266.0
India,2004,CoarseCereals,335.0,1153.0,290.0
India,2004,Coffee,2755.0,826.0,3.3
India,2004,CottonLint,164.0,318.0,87.9
India,2004,Groundnut,68.0,1020.0,66.4
India,2004,Pulses,131.0,577.0,228.0
India,2004,RapeseedMustard,76.0,1038.0,73.2
India,2004,RawJuteMesta,103.0,2019.0,9.2
India,2004,Rice,831.0,1984.0,419.0
India,2004,Soyabean,69.0,908.0,75.7
India,2004,Sugarcane,2371.0,64752.0,36.6
India,2004,Tea,9068.0,1739.0,5.2
India,2004,Tobacco,6.0,1498.0,3.7
India,2004,Wheat,686.0,2602.0,264.0
India,2005,CoarseCereals,341.0,1172.0,291.0
India,2005,Coffee,2740.0,803.0,3.8
India,2005,CottonLint,185.0,362.0,86.8
India,2005,Groundnut,80.0,1187.0,67.4
India,2005,Pulses,134.0,598.0,224.0
India,2005,RapeseedMustard,81.0,1117.0,72.8
India,2005,RawJuteMesta,108.0,2173.0,9.0
India,2005,Rice,918.0,2102.0,437.0
India,2005,Soyabean,83.0,1073.0,77.1
India,2005,Sugarcane,2812.0,66919.0,42.0
India,2005,Tea,9489.0,1708.0,5.6
India,2005,Tobacco,5.0,1351.0,3.7
India,2005,Wheat,694.0,2619.0,265.0
India,2006,CoarseCereals,339.0,1182.0,287.0
India,2006,Coffee,2880.0,840.0,3.8
India,2006,CottonLint,226.0,421.0,91.4
India,2006,Groundnut,49.0,866.0,56.2
India,2006,Pulses,142.0,612.0,232.0
India,2006,RapeseedMustard,74.0,1095.0,67.9
India,2006,RawJuteMesta,113.0,2170.0,9.4
India,2006,Rice,934.0,2131.0,438.0
India,2006,Soyabean,89.0,1063.0,83.3
India,2006,Sugarcane,3555.0,69022.0,51.5
India,2006,Tea,9731.0,1716.0,5.7
India,2006,Tobacco,5.0,1274.0,3.7
India,2006,Wheat,758.0,2708.0,280.0
India,2007,CoarseCereals,408.0,1431.0,285.0
India,2007,Coffee,2620.0,761.0,3.9
India,2007,CottonLint,259.0,467.0,94.1
India,2007,Groundnut,92.0,1459.0,62.9
India,2007,Pulses,148.0,625.0,236.0
India,2007,RapeseedMustard,58.0,1001.0,58.3
India,2007,RawJuteMesta,112.0,2101.0,9.6
India,2007,Rice,967.0,2202.0,439.0
India,2007,Soyabean,110.0,1235.0,88.8
India,2007,Sugarcane,3482.0,68877.0,50.6
India,2007,Tea,9870.0,1706.0,5.8
India,2007,Tobacco,4.0,1255.0,3.5
India,2007,Wheat,786.0,2802.0,280.0
India,2008,CoarseCereals,400.0,1459.0,275.0
India,2008,Coffee,2623.0,748.0,3.9
India,2008,CottonLint,223.0,403.0,94.1
India,2008,Groundnut,72.0,1163.0,61.6
India,2008,Pulses,146.0,659.0,221.0
India,2008,RapeseedMustard,72.0,1143.0,63.0
India,2008,RawJuteMesta,104.0,2071.0,9.0
India,2008,Rice,992.0,2178.0,455.0
India,2008,Soyabean,99.0,1041.0,95.1
India,2008,Sugarcane,2850.0,64553.0,44.2
India,2008,Tea,9728.0,1679.0,5.8
India,2008,Tobacco,6.0,1456.0,3.9
India,2008,Wheat,807.0,2907.0,278.0
India,2009,CoarseCereals,336.0,1212.0,277.0
India,2009,Coffee,2896.0,815.0,4.0
India,2009,CottonLint,240.0,403.0,101.3
India,2009,Groundnut,54.0,991.0,54.8
India,2009,Pulses,147.0,630.0,233.0
India,2009,RapeseedMustard,66.0,1183.0,55.9
India,2009,RawJuteMesta,118.0,2349.0,9.1
India,2009,Rice,891.0,2125.0,419.0
India,2009,Soyabean,100.0,1024.0,97.3
India,2009,Sugarcane,2923.0,70020.0,41.8
India,2009,Tea,9912.0,1711.0,5.8
India,2009,Tobacco,7.0,1559.0,4.4
India,2009,Wheat,808.0,2839.0,285.0
India,2010,CoarseCereals,434.0,1531.0,283.0
India,2010,Coffee,3020.0,838.0,4.0
India,2010,CottonLint,330.0,499.0,112.4
India,2010,Groundnut,83.0,1411.0,58.6
India,2010,Pulses,182.0,691.0,264.0
India,2010,RapeseedMustard,82.0,1185.0,69.0
India,2010,RawJuteMesta,106.0,2192.0,8.7
India,2010,Rice,960.0,2239.0,429.0
India,2010,Soyabean,127.0,1327.0,96.0
India,2010,Sugarcane,3424.0,70091.0,48.8
India,2010,Tea,9667.0,1726.0,5.6
India,2010,Tobacco,9.0,1794.0,4.9
India,2010,Wheat,869.0,2988.0,291.0
India,2011,CoarseCereals,420.0,1590.0,264.0
India,2011,Coffee,3140.0,852.0,4.1
India,2011,CottonLint,352.0,491.0,121.8
India,2011,Groundnut,70.0,1323.0,52.6
India,2011,Pulses,171.0,699.0,245.0
India,2011,RapeseedMustard,66.0,1121.0,58.9
India,2011,RawJuteMesta,114.0,2283.0,9.0
India,2011,Rice,1053.0,2393.0,440.0
India,2011,Soyabean,122.0,1208.0,101.1
India,2011,Sugarcane,3610.0,71668.0,50.4
India,2011,Tea,10955.0,1956.0,5.6
India,2011,Tobacco,8.0,1613.0,4.6
India,2011,Wheat,949.0,3177.0,299.0
India,2012,CoarseCereals,400.0,1617.0,248.0
India,2012,Coffee,3182.0,846.0,4.1
India,2012,CottonLint,342.0,486.0,119.8
India,2012,Groundnut,47.0,996.0,47.2
India,2012,Pulses,183.0,789.0,233.0
India,2012,RapeseedMustard,80.0,1262.0,63.6
India,2012,RawJuteMesta,109.0,2281.0,8.7
India,2012,Rice,1052.0,2461.0,428.0
India,2012,Soyabean,147.0,1354.0,108.4
India,2012,Sugarcane,3412.0,68254.0,50.0
India,2012,Tea,11351.0,2027.0,5.6
India,2012,Tobacco,7.0,1542.0,4.3
India,2012,Wheat,935.0,3117.0,300.0
India,2013,CoarseCereals,433.0,1677.0,257.0
India,2013,Coffee,3045.0,799.0,4.2
India,2013,CottonLint,359.0,532.0,116.9
India,2013,Groundnut,97.0,1750.0,55.3
India,2013,Pulses,193.0,764.0,252.0
India,2013,RapeseedMustard,79.0,1188.0,67.0
India,2013,RawJuteMesta,117.0,2449.0,8.5
India,2013,Rice,1067.0,2424.0,440.0
India,2013,Soyabean,119.0,983.0,122.0
India,2013,Sugarcane,3521.0,69839.0,50.1
India,2013,Tea,12088.0,2121.0,5.7
India,2013,Tobacco,7.0,1612.38,5.0
India,2013,Wheat,959.0,3075.0,312.0
India,2014,CoarseCereals,429.0,1729.0,242.0
India,2014,Coffee,3270.0,847.0,4.2
India,2014,CottonLint,348.0,461.0,130.8
India,2014,Groundnut,74.0,1400.0,46.9
India,2014,Pulses,172.0,744.0,231.0
India,2014,RapeseedMustard,63.0,1089.0,57.9
India,2014,RawJuteMesta,111.0,2550.0,8.1
India,2014,Rice,1055.0,2390.0,439.0
India,2014,Soyabean,104.0,950.0,110.9
India,2014,Sugarcane,3623.0,69859.0,51.4
India,2014,Tea,11972.0,2113.0,5.7
India,2014,Tobacco,9.0,1830.0,5.0
India,2014,Wheat,865.0,2872.0,310.0
India,2015,CoarseCereals,385.0,1579.0,244.0
India,2015,Coffee,3480.0,876.0,4.3
India,2015,CottonLint,300.0,415.0,122.9
India,2015,Groundnut,67.0,1465.0,45.9
India,2015,Pulses,164.0,656.0,249.0
India,2015,RapeseedMustard,68.0,1183.0,57.4
India,2015,RawJuteMesta,105.0,2421.0,7.8
India,2015,Rice,1044.0,2400.0,435.0
India,2015,Soyabean,86.0,738.0,116.0
India,2015,Sugarcane,3484.0,70720.0,49.3
India,2015,Tea,12331.0,2176.0,5.7
India,2015,Tobacco,8.0,1781.0,5.0
India,2015,Wheat,923.0,3034.0,304.0
India,2016,CoarseCereals,438.0,1750.0,250.0
India,2016,Coffee,3120.0,761.0,4.5
India,2016,CottonLint,326.0,512.0,108.3
India,2016,Groundnut,75.0,1398.0,53.4
India,2016,Pulses,231.0,786.0,294.0
India,2016,RapeseedMustard,79.0,1304.0,60.7
India,2016,RawJuteMesta,110.0,2585.0,7.6
India,2016,Rice,1097.0,2494.0,440.0
India,2016,Soyabean,132.0,1177.0,111.8
India,2016,Sugarcane,3061.0,69001.0,44.4
India,2016,Tea,12505.0,2165.0,5.8
India,2016,Tobacco,8.0,2016.0,4.0
India,2016,Wheat,985.0,3200.0,308.0
India,2017,CoarseCereals,470.0,1934.0,243.0
India,2017,Coffee,3160.0,765.0,4.5
India,2017,CottonLint,328.0,443.0,126.0
India,2017,Groundnut,93.0,1893.0,49.2
India,2017,Pulses,254.0,853.0,298.0
India,2017,RapeseedMustard,84.0,1410.0,59.6
India,2017,RawJuteMesta,100.0,2435.0,7.4
India,2017,Rice,1128.0,2576.0,438.0
India,2017,Soyabean,109.0,1058.0,103.0
India,2017,Sugarcane,3799.0,80198.0,47.3
India,2017,Tea,13251.0,2208.0,5.8
India,2017,Tobacco,10.0,2317.0,4.1
India,2017,Wheat,999.0,3368.0,297.0
India,2018,CoarseCereals,431.0,1944.0,221.0
India,2018,Coffee,3195.0,767.0,4.6
India,2018,CottonLint,280.0,378.0,126.14
India,2018,Groundnut,67.0,1422.0,47.31
India,2018,Pulses,221.0,757.0,292.0
India,2018,RapeseedMustard,93.0,1511.0,61.2
India,2018,RawJuteMesta,98.0,2508.0,7.05
India,2018,Rice,1165.0,2638.0,442.0
India,2018,Soyabean,133.0,1192.0,111.3
India,2018,Sugarcane,4054.0,80105.0,50.6
India,2018,Tea,13500.0,2109.0,6.4
India,2018,Tobacco,7.0,1610.0,4.1
India,2018,Wheat,1036.0,3533.0,293.0
India,2019,CoarseCereals,478.0,1991.0,240.0
India,2019,Coffee,2980.0,713.0,4.6
India,2019,CottonLint,361.0,454.93,134.8
India,2019,Groundnut,100.0,2062.51,48.3
India,2019,Pulses,230.0,823.0,280.0
India,2019,RapeseedMustard,91.0,1330.7,68.6
India,2019,RawJuteMesta,99.0,2640.55,6.7
India,2019,Rice,1189.0,2722.0,437.0
India,2019,Soyabean,112.0,920.7,121.9
India,2019,Sugarcane,3705.0,80496.72,46.0
India,2019,Tea,13608.0,2126.27,6.4
India,2019,Tobacco,8.0,1982.0,4.0
India,2019,Wheat,1079.0,3440.0,314.0
India,2020,CoarseCereals,512.0,2146.0,238.0
India,2020,Coffee,3538.0,790.0,4.7
India,2020,CottonLint,354.0,462.46,130.1
India,2020,Groundnut,102.0,1675.62,60.9
India,2020,Pulses,257.0,892.0,288.0
India,2020,RapeseedMustard,101.0,1511.16,66.9
India,2020,RawJuteMesta,96.0,2594.89,6.6
India,2020,Rice,1223.0,2713.0,451.0
India,2020,Soyabean,129.0,1006.78,128.1
India,2020,Sugarcane,3993.0,82205.14,48.6
India,2020,Tea,12803.0,2004.73,6.4
India,2020,Tobacco,0.0,0.0,0.0
India,2020,Wheat,1095.0,3464.0,316.0
